Date,Predicted RF return (%),Predicted XGBoost return (%),Predicted ARIMA return (%),Predicted Ensemble return (%),Predicted Close ($),Signal
2026-09-14,0.10860314293637988,0.14085483271628618,-0.03328943696568155,0.07205617956232818,332.50949635314373,BUY/HOLD LONG
2026-09-15,0.14588946468145347,0.15324819833040237,0.10250904403360579,0.13388223568182053,332.95496563629354,BUY/HOLD LONG
2026-09-16,0.14939454487399179,0.18355632200837135,0.08839292384331351,0.14044793024189223,333.4229225351339,BUY/HOLD LONG
2026-09-17,0.14511667107896173,0.18363043200224638,0.08986028082522132,0.1395357946354765,333.888491601799,BUY/HOLD LONG
2026-09-18,0.1259364742083151,0.1677523134276271,0.08970775049228788,0.12779884604274336,334.3154700197674,BUY/HOLD LONG
2026-09-21,0.1254129136588095,0.16670286422595382,0.08972360587223405,0.12727979458566577,334.74125697617666,BUY/HOLD LONG
2026-09-22,0.11783245828792391,0.15338402008637786,0.08972195772088996,0.12031281203173057,335.1442359645415,BUY/HOLD LONG
2026-09-23,0.10820644062811385,0.12518131406977773,0.08972212904462122,0.10770329458083762,335.505391801729,BUY/HOLD LONG
2026-09-24,0.10750465004532625,0.1211642986163497,0.08972211123568578,0.10613035329912059,335.8616538770453,BUY/HOLD LONG
2026-09-25,0.10911997728380513,0.1211642986163497,0.08972211308690732,0.10666879632902071,336.2201046041169,BUY/HOLD LONG
2026-09-28,0.10690205331844813,0.1211642986163497,0.08972211289447464,0.10592948827642416,336.57644954427093,BUY/HOLD LONG
2026-09-29,0.10610570944245834,0.1211642986163497,0.08972211291447782,0.10566404032442862,336.9322777777775,BUY/HOLD LONG
2026-09-30,0.1067120317788623,0.1211642986163497,0.08972211291239852,0.1058661477692035,337.28916387830304,BUY/HOLD LONG
2026-10-01,0.10463401410023222,0.11294465512037277,0.08972211291261466,0.10243359404440656,337.6348383043297,BUY/HOLD LONG
2026-10-02,0.1046340141002322,0.11294465512037277,0.08972211291259219,0.10243359404439906,337.9808669985085,BUY/HOLD LONG
2026-10-05,0.10463401410023224,0.11294465512037277,0.08972211291259452,0.10243359404439985,338.3272503239149,BUY/HOLD LONG
2026-10-06,0.10610570944245831,0.1211642986163497,0.08972211291259428,0.10566404032380076,338.6849295019803,BUY/HOLD LONG
2026-10-07,0.10671203177886228,0.1211642986163497,0.0897221129125943,0.10586614776926877,339.0436720498716,BUY/HOLD LONG
2026-10-08,0.1067120317788623,0.1211642986163497,0.0897221129125943,0.10586614776926877,339.4027945857826,BUY/HOLD LONG
2026-10-09,0.10610570944245831,0.11294465512037277,0.0897221129125943,0.10292415915847514,339.75230189114416,BUY/HOLD LONG
2026-10-12,0.10368398699738539,0.11294465512037277,0.0897221129125943,0.10211691834345082,340.099423676707,BUY/HOLD LONG
2026-10-13,0.10368398699738539,0.11294465512037277,0.0897221129125943,0.10211691834345082,340.4469001133887,BUY/HOLD LONG
2026-10-14,0.10368398699738539,0.11294465512037277,0.0897221129125943,0.10211691834345082,340.7947315635331,BUY/HOLD LONG
2026-10-15,0.10225927950661191,0.11294465512037277,0.0897221129125943,0.10164201584652634,341.14129829746355,BUY/HOLD LONG
2026-10-16,0.10160886776474883,0.11294465512037277,0.0897221129125943,0.101425211932572,341.4874771088714,BUY/HOLD LONG
2026-10-19,0.10227927897057476,0.11294465512037277,0.0897221129125943,0.10164868233451395,341.8347711096745,BUY/HOLD LONG
2026-10-20,0.10227927897057476,0.11294465512037277,0.0897221129125943,0.10164868233451395,342.182418309734,BUY/HOLD LONG
2026-10-21,0.10227927897057479,0.11294465512037277,0.0897221129125943,0.10164868233451395,342.5304190682548,BUY/HOLD LONG
2026-10-22,0.1022792789705748,0.11294465512037277,0.0897221129125943,0.10164868233451398,342.8787737448072,BUY/HOLD LONG
2026-10-23,0.10227927897057476,0.11294465512037277,0.0897221129125943,0.10164868233451395,343.2274826993271,BUY/HOLD LONG
2026-10-26,0.1022792789705748,0.11294465512037277,0.0897221129125943,0.10164868233451398,343.57654629211646,BUY/HOLD LONG
2026-10-27,0.10227927897057479,0.11294465512037277,0.0897221129125943,0.10164868233451395,343.92596488384373,BUY/HOLD LONG
2026-10-28,0.10193150873762279,0.11294465512037277,0.0897221129125943,0.10153275892352996,344.2753397395957,BUY/HOLD LONG
2026-10-29,0.10193150873762279,0.11294465512037277,0.0897221129125943,0.10153275892352996,344.6250695054223,BUY/HOLD LONG
2026-10-30,0.10193150873762276,0.11294465512037277,0.0897221129125943,0.10153275892352996,344.97515454185634,BUY/HOLD LONG
