Date,Start value ($),End value ($),Profit/Loss ($),Return (%)
2023-01-31,100000.0,114553.26204806544,14553.262048065444,14.553262048065442
2023-02-28,114553.26204806544,117208.96899728931,2655.706949223866,2.3183163026030185
2023-03-31,117208.96899728931,131115.6478566704,13906.678859381092,11.864858959473246
2023-04-30,131115.6478566704,134916.31246298444,3800.664606314036,2.898711685785016
2023-05-31,134916.31246298444,141130.36833012907,6214.055867144634,4.605859553750791
2023-06-30,141130.36833012907,154443.16906943207,13312.800739302998,9.43298093586915
2023-07-31,154443.16906943207,156417.77312859547,1974.6040591633937,1.278531171731978
2023-08-31,156417.77312859547,149788.20972697713,-6629.563401618332,-4.238369636018269
2023-09-30,149788.20972697713,138596.9534605671,-11191.256266410026,-7.471386624360232
2023-10-31,138596.9534605671,138240.74261650635,-356.21084406075533,-0.25701203032727493
2023-11-30,138240.74261650635,153969.805630875,15729.063014368643,11.378022655739507
2023-12-31,153969.805630875,156061.12496727766,2091.3193364026665,1.3582658806599923
2024-01-31,156061.12496727766,149471.06786125424,-6590.0571060234215,-4.222740998057784
2024-02-29,149471.06786125424,146699.42624994382,-2771.6416113104206,-1.8542997323623744
2024-03-31,146699.42624994382,136012.3650852241,-10687.061164719722,-7.285005427704472
2024-04-30,136012.3650852241,135100.2057929985,-912.1592922256095,-0.6706443871144052
2024-05-31,135100.2057929985,152693.28773902394,17593.081946025457,13.022246593007946
2024-06-30,152693.28773902394,167283.55426384215,14590.266524818202,9.555276948227863
2024-07-31,167283.55426384215,176385.57163962183,9102.017375779687,5.441071249253726
2024-08-31,176385.57163962183,177996.76805083075,1611.196411208919,0.9134513646619657
2024-09-30,177996.76805083075,181105.86644462415,3109.0983937933925,1.7467162060524233
2024-10-31,181105.86644462415,175594.9809307546,-5510.885513869551,-3.0429083397773837
2024-11-30,175594.9809307546,184674.46242807445,9079.481497319852,5.1706953406033485
2024-12-31,184674.46242807445,194860.2375027618,10185.77507468735,5.515529835996902
2025-01-31,194860.2375027618,183639.54340147538,-11220.694101286412,-5.758329274912932
2025-02-28,183639.54340147538,192631.28128842413,8991.737886948744,4.896406144558352
2025-03-31,192631.28128842413,176931.81309841137,-15699.468190012762,-8.150009741411711
2025-04-30,176931.81309841137,160224.525148626,-16707.287949785357,-9.442783441377268
2025-05-31,160224.525148626,150385.6880222171,-9838.837126408907,-6.140656130690536
2025-06-30,150385.6880222171,153620.262983649,3234.5749614319066,2.1508529195637616
2025-07-31,153620.262983649,155417.27841156942,1797.0154279204144,1.1697776016121653
2025-08-31,155417.27841156942,174011.21971381982,18593.9413022504,11.963882968668837
2025-09-30,174011.21971381982,189328.29639963037,15317.076685810549,8.802350050187059
2025-10-31,189328.29639963037,202162.17392979746,12833.877530167083,6.778636777609615
2025-11-30,202162.17392979746,208705.0181542688,6542.844224471337,3.236433452057841
2025-12-31,208705.0181542688,205090.0157301317,-3615.0024241370847,-1.7321109267554702
2026-01-31,205090.0157301317,195750.63420696778,-9339.381523163931,-4.553796287895939
2026-02-28,195750.63420696778,201964.30579358657,6213.671586618788,3.174279159703275
2026-03-31,201964.30579358657,195292.2713916756,-6672.034401910962,-3.303571081877199
2026-04-30,195292.2713916756,208804.77406912248,13512.502677446872,6.919117987186696
2026-05-31,208804.77406912248,240352.49275284013,31547.718683717656,15.108715221843605
2026-06-30,240352.49275284013,214026.83439446473,-26325.658358375396,-10.952937519747985
2026-07-31,214026.83439446473,218042.68949718968,4015.8551027249487,1.8763325234832262
2026-08-31,218042.68949718968,224221.51384231882,6178.824345129135,2.833768176029028
2026-09-30,224221.51384231882,231099.95268174628,6878.438839427457,3.0676979748984534
