Date,Portfolio value ($),Profit/Loss ($),Return (%)
2023-01-03,99900.0,-100.0,-0.1
2023-01-04,100930.39850055563,1030.3985005556315,1.0314299304861174
2023-01-05,99860.07274816201,-1070.325752393619,-1.0604592553825365
2023-01-06,103430.80700577478,3570.7342576127703,3.575737689094055
2023-01-09,103327.37619876901,-103.43080700577411,-0.09999999999999935
2023-01-10,103787.8339592776,460.4577605085942,0.4456299747927596
2023-01-11,105979.02030353299,2191.1863442553877,2.1112169516083417
2023-01-12,105915.53142303549,-63.488880497505306,-0.0599070271792169
2023-01-13,106987.32088885119,1071.789465815702,1.0119285164466438
2023-01-17,107924.13020807412,936.809319222928,0.8756264868022787
2023-01-18,107344.56760368016,-579.5626043939556,-0.537009289096496
2023-01-19,107392.22433763294,47.656733952782815,0.044396037001828655
2023-01-20,109456.37126923232,2064.1469315993745,1.9220636729805076
2023-01-23,112028.63886045916,2572.267591226846,2.350039163001102
2023-01-24,113155.98880316781,1127.34994270865,1.0063051324874674
2023-01-25,112624.05827206225,-531.930531105565,-0.47008606149060805
2023-01-26,114291.30414047763,1667.2458684153826,1.4803638707352131
2023-01-27,115855.25881605409,1563.9546755764604,1.3683934113256542
2023-01-30,113529.10465553812,-2326.1541605159728,-2.0078105942599103
2023-01-31,114553.26204806544,1024.157392527326,0.9021099881257331
2023-02-01,115458.3207618735,905.0587138080591,0.7900767709507086
2023-02-02,119737.48856987077,4279.167807997263,3.7062446255587007
2023-02-03,122659.08680265422,2921.59823278345,2.4400029328146475
2023-02-06,120459.95972446207,-2199.1270781921485,-1.7928774259752287
2023-02-07,122778.18548137348,2318.2257569114154,1.92447827661082
2023-02-08,120610.79667826397,-2167.388803109512,-1.7652881858547451
2023-02-09,119777.21690021898,-833.5797780449939,-0.6911319724291469
2023-02-10,120071.34464451644,294.12774429746787,0.24556234642059893
2023-02-13,122329.52168361412,2258.1770390976744,1.880696052653728
2023-02-14,121812.69580945348,-516.8258741606405,-0.4224866304123453
2023-02-15,123506.30392811235,1693.6081186588708,1.3903379343218143
2023-02-16,122218.24043550964,-1288.0634926027124,-1.0429131563619929
2023-02-17,121295.89459595724,-922.3458395523921,-0.7546711818675562
2023-02-21,118059.72492808882,-3236.169667868424,-2.6679960427747935
2023-02-22,118401.63270966106,341.9077815722412,0.28960577519598674
2023-02-23,118791.25887684709,389.6261671860266,0.32907161689353526
2023-02-24,116652.37780178385,-2138.88107506324,-1.8005374261423175
2023-02-27,117614.43964135226,962.0618395684141,0.8247254429765274
2023-02-28,117208.96899728931,-405.4706440629525,-0.3447456326785851
2023-03-01,115539.18308044074,-1669.7859168485738,-1.424622988439725
2023-03-02,116016.24363325656,477.0605528158194,0.4128993646109477
2023-03-03,120087.30009438317,4071.0564611266163,3.5090400564905297
2023-03-06,122313.6278854084,2226.327791025222,1.8539244277083664
2023-03-07,120540.52611505649,-1773.1017703519028,-1.4496354993354161
2023-03-08,121550.29400990649,1009.7678948499961,0.8376999233321479
2023-03-09,119737.45157887416,-1812.8424310323317,-1.491434015687846
2023-03-10,118075.64338695895,-1661.8081919152028,-1.3878767002323635
2023-03-13,119642.0148076466,1566.3714206876466,1.32658300709344
2023-03-14,121327.6821923687,1685.6673847220954,1.4089259424728113
2023-03-15,121645.74311146625,318.06091909755196,0.2621503298754663
2023-03-16,123919.78928810527,2274.0461766390217,1.8694005383774681
2023-03-17,123243.91445889755,-675.8748292077216,-0.5454131524032515
2023-03-20,125152.21832182183,1908.30386292428,1.5483960172010838
2023-03-21,126647.0491550854,1494.8308332635788,1.1944101777083218
2023-03-22,125494.12610339407,-1152.9230516913376,-0.9103433987471179
2023-03-23,126368.74122700047,874.6151236064034,0.6969371003753688
2023-03-24,127418.31143419188,1049.570207191413,0.8305615748011876
2023-03-27,125851.95234383644,-1566.3590903554432,-1.2293045424357436
2023-03-28,125351.00793754932,-500.9444062871189,-0.3980426182968567
2023-03-29,127831.79679418479,2480.788856635467,1.9790737206288853
2023-03-30,129096.03808497722,1264.24129079243,0.9889881254097663
2023-03-31,131115.6478566704,2019.6097716931836,1.5644242857118351
2023-04-03,132125.452742517,1009.8048858465918,0.7701635177446281
2023-04-04,131696.06125398615,-429.3914885308477,-0.3249877140384418
2023-04-05,130209.18348499153,-1486.8777689946146,-1.1290222006921335
2023-04-06,130924.82363554407,715.6401505525428,0.5496080471428734
2023-04-10,128833.64861576242,-2091.175019781658,-1.5972334059451323
2023-04-11,127855.6436566595,-978.0049591029237,-0.7591223019847532
2023-04-12,127299.06479148623,-556.5788651732582,-0.4353181832691577
2023-04-13,131640.4021344356,4341.337342949366,3.410345040680703
2023-04-14,131362.13119734728,-278.270937088324,-0.2113871824883552
2023-04-17,131378.0373258852,15.906128537928453,0.012108610291981667
2023-04-18,132363.9953492571,985.9580233719025,0.750474008776839
2023-04-19,133286.3288584773,922.3335092201887,0.6968160086030263
2023-04-20,132507.10118476965,-779.2276737076463,-0.584626855868336
2023-04-21,131211.04763690135,-1296.0535478683014,-0.9781012008262615
2023-04-24,131457.54330791044,246.4956710090919,0.1878619791918865
2023-04-25,130217.1612099249,-1240.3820979855373,-0.943560990699647
2023-04-26,130209.18348499153,-7.977724933371064,-0.006126477385350202
2023-04-27,133906.51990747006,3697.3364224785328,2.8395358326662907
2023-04-28,134916.31246298444,1009.7925555143738,0.75410260546846
2023-05-01,134844.77187556037,-71.54058742406778,-0.05302589888357319
2023-05-02,134009.87275197,-834.8991235903814,-0.6191557240060123
2023-05-03,133143.18603196813,-866.6867200018605,-0.6467334847828365
2023-05-04,131823.27329129298,-1319.9127406751504,-0.9913483220675182
2023-05-05,138009.3393043437,6186.066013050731,4.69269640982229
2023-05-08,137953.69251512538,-55.646789218328195,-0.040321031532231065
2023-05-09,136578.10832456744,-1375.5841905579437,-0.9971347380985276
2023-05-10,138001.39857040695,1423.290245839511,1.0421071599975382
2023-05-11,138152.45747018847,151.05889978152118,0.1094618615074777
2023-05-12,137404.01863598407,-748.4388342043967,-0.5417484769432351
2023-05-15,137005.9092002445,-398.10943573957775,-0.28973638448979017
2023-05-16,137005.9092002445,0.0,0.0
2023-05-17,137499.56638020143,493.6571799569356,0.36031816644887793
2023-05-18,139378.67201647625,1879.1056362748204,1.3666265907187565
2023-05-19,139466.24203576025,87.57001928400132,0.06282885180140724
2023-05-22,138701.87241235355,-764.3696234067029,-0.5480678422601453
2023-05-23,136599.83436990375,-2102.0380424498,-1.515508050389218
2023-05-24,136822.76677607873,222.9324061749794,0.16320108088220112
2023-05-25,137738.42957557875,915.6627995000163,0.6692327754185609
2023-05-26,139681.2090473341,1942.779471755348,1.410484697510887
2023-05-30,141170.14598180607,1488.9369344719744,1.0659536416007216
2023-05-31,141130.36833012907,-39.77765167699545,-0.028177098918720368
2023-06-01,143391.57863094794,2261.2103008188715,1.6022138449532688
2023-06-02,144076.355960004,684.7773290560581,0.4775575634176496
2023-06-05,142985.52846127158,-1090.8274987324257,-0.757117634926332
2023-06-06,142690.93216435052,-294.59629692105227,-0.20603224682338764
2023-06-07,141584.18620674798,-1106.745957602543,-0.7756245900249639
2023-06-08,143773.7819381496,2189.5957314016123,1.5464973808616311
2023-06-09,144084.32135460517,310.53941645557643,0.2159916865713167
2023-06-12,146337.60325181947,2253.2818972142995,1.563863351702757
2023-06-13,145955.44926594663,-382.1539858728356,-0.2611454454500123
2023-06-14,146465.03723510585,509.58796915921266,0.34913939268597516
2023-06-15,148105.2303546746,1640.1931195687503,1.1198530041923318
2023-06-16,147237.35992278156,-867.8704318930395,-0.5859822977316258
2023-06-20,147309.0114831954,71.6515604138549,0.048663980698534975
2023-06-21,146472.99029937485,-836.0211838205578,-0.5675288805504806
2023-06-22,148893.4838315526,2420.4935321777593,1.6525186843188864
2023-06-23,148638.72683796953,-254.75699358308339,-0.17110016303419773
2023-06-26,147516.0377608325,-1122.689077137038,-0.7553139757183718
2023-06-27,149737.49507063875,2221.4573098062538,1.5059090140476108
2023-06-28,150685.01944854346,947.524377904716,0.6327903224624672
2023-06-29,150955.7072313288,270.68778278533136,0.17963815100927596
2023-06-30,154443.16906943207,3487.461838103278,2.3102550424006116
2023-07-03,153240.90002827652,-1202.2690411555523,-0.7784540089403731
2023-07-05,152341.15568764665,-899.7443406298698,-0.5871437328179657
2023-07-06,152723.30967351948,382.1539858728356,0.2508540677322855
2023-07-07,151823.56533288962,-899.7443406298698,-0.5891336054419436
2023-07-10,150175.40681871976,-1648.1585141698597,-1.0855748977809168
2023-07-11,149753.4135295089,-421.9932892108627,-0.2810002637251122
2023-07-12,151099.04734315313,1345.6338136442355,0.8985663711626035
2023-07-13,151712.11146013433,613.0641169812006,0.40573658653777145
2023-07-14,151831.543057823,119.4315976886719,0.07872252026500545
2023-07-17,154459.08752830222,2627.544470479217,1.7305656107825713
2023-07-18,154252.08591132954,-207.00161697267322,-0.13401711759739834
2023-07-19,155342.90107972975,1090.8151684002078,0.707163966020695
2023-07-20,153774.3348599105,-1568.566219819244,-1.0097443841441955
2023-07-21,152826.83514267026,-947.4997172402509,-0.6161624552650024
2023-07-24,153471.7978290527,644.9626863824378,0.4220218823352182
2023-07-25,154164.47890104895,692.6810719962523,0.45134095110282574
2023-07-26,154865.16235864293,700.6834575939865,0.4545038277226772
2023-07-27,153846.0110809888,-1019.1512776541349,-0.6580894386653233
2023-07-28,155924.1529396351,2078.141858646297,1.3507934616207278
2023-07-31,156417.77312859547,493.620188960369,0.3165771175627104
2023-08-01,155748.9635797383,-668.8095488571562,-0.42757899916354714
2023-08-02,153336.39845116512,-2412.5651285731874,-1.5490087851133816
2023-08-03,152213.74636502465,-1122.6520861404715,-0.7321497684048031
2023-08-04,144904.42407955564,-7309.32228546901,-4.80201194702907
2023-08-07,142404.31359236286,-2500.110487192782,-1.7253513845927628
2023-08-08,143160.73015150058,756.4165591377241,0.5311753134831237
2023-08-09,141878.79483400125,-1281.9353174993303,-0.8954517877512329
2023-08-10,141703.61780443665,-175.17702956459834,-0.12346949364036829
2023-08-11,141751.43483270804,47.817028271383606,0.033744394823691286
2023-08-14,143082.92575531895,1331.4909226109157,0.9393138941995983
2023-08-15,141480.36480962447,-1602.5609456944803,-1.1200224885217702
2023-08-16,140778.75657711548,-701.6082325089956,-0.49590502078014664
2023-08-17,138729.714302461,-2049.0422746544646,-1.4555053080981324
2023-08-18,139120.37621755185,390.6619150908373,0.2815993077294956
2023-08-21,140196.72790628154,1076.3516887296864,0.7736837104627458
2023-08-22,141304.96583408027,1108.2379277987347,0.790487727031381
2023-08-23,144406.4389529965,3101.473118916241,2.1948790692593056
2023-08-24,140627.27844603916,-3779.160506957356,-2.6170304692489865
2023-08-25,142405.23836727784,1777.959921238682,1.264306570450279
2023-08-28,143664.9790868173,1259.7407195394626,0.8846168399300459
2023-08-29,146798.32611447037,3133.3470276530716,2.1810096291870673
2023-08-30,149612.7984211007,2814.4723066303413,1.9172373290112807
2023-08-31,149788.20972697713,175.41130587641965,0.1172435164154248
2023-09-01,151055.94050178214,1267.730774805008,0.846348839548676
2023-09-05,151247.24560586427,191.30510408213013,0.12664520405264906
2023-09-06,145833.61325347898,-5413.632352385292,-3.5793262420743153
2023-09-07,141568.08279289486,-4265.530460584123,-2.924929558708829
2023-09-08,142062.368819794,494.2860268991499,0.34915075287291913
2023-09-11,142860.2315834924,797.8627636983874,0.5616285088913839
2023-09-12,142717.3713519089,-142.86023158350145,-0.10000000000000633
2023-09-13,141025.47938624953,-1691.8919656593644,-1.185484254392228
2023-09-14,142264.0610348036,1238.5816485540709,0.878267993801152
2023-09-15,141673.08880361923,-590.9722311843652,-0.4154051465181985
2023-09-18,144069.2398921055,2396.15108848628,1.6913240960022515
2023-09-19,144959.72318480574,890.483292700228,0.6180939757627079
2023-09-20,142061.6619656042,-2898.0612192015396,-1.9992182349209302
2023-09-21,140798.81796806093,-1262.8439975432702,-0.8889407459199151
2023-09-22,141494.9896412248,696.1716731638589,0.4944442596966829
2023-09-25,142539.28470878638,1044.2950675615866,0.7380438489090709
2023-09-26,139204.0755525338,-3335.2091562525893,-2.3398525978761286
2023-09-27,137965.49390397972,-1238.5816485540709,-0.8897596163315251
2023-09-28,138176.00546138603,210.5115574063093,0.15258275924617767
2023-09-29,138596.9534605671,420.9479991810804,0.3046462356293231
2023-10-02,140653.10616213456,2056.152701567451,1.4835482672802451
2023-10-03,139560.23631950686,-1092.869842627697,-0.7769965928572647
2023-10-04,140580.23148026346,1019.9951607566036,0.7308637385948845
2023-10-05,141592.139191357,1011.9077110935468,0.7198079704653296
2023-10-06,143680.67924939247,2088.5400580354617,1.4750395537232968
2023-10-09,144894.96099114156,1214.2817417490878,0.8451252792599964
2023-10-10,144409.2382790244,-485.72271211716,-0.3352240193824653
2023-10-11,145550.67037744625,1141.4320984218502,0.7904148737467889
2023-10-12,146287.31685674124,736.6464792949846,0.5061099872537114
2023-10-13,144781.63654168323,-1505.680315058009,-1.029262377224758
2023-10-16,144676.37450334412,-105.26203833910404,-0.07270399814053674
2023-10-17,143405.4555754097,-1270.9189279344282,-0.8784564392751295
2023-10-18,142344.98560852197,-1060.4699668877292,-0.7394906718385491
2023-10-19,142037.38709734307,-307.5985111788905,-0.21609367542095914
2023-10-20,139948.82200076376,-2088.5650965793175,-1.4704333410103865
2023-10-23,140045.9965894398,97.17458867604728,0.06943580323635519
2023-10-24,140402.13231786905,356.1357284292462,0.25429911393561444
2023-10-25,138507.91639864183,-1894.215919227223,-1.349136147689507
2023-10-26,135099.82004124622,-3408.0963573956105,-2.4605787495833193
2023-10-27,136176.50246527584,1076.6824240296264,0.7969532629287835
2023-10-30,137852.15693524946,1675.6544699736114,1.2305019145288247
2023-10-31,138240.74261650635,388.58568125689635,0.2818858187611957
2023-11-01,140831.20532452897,2590.46270802262,1.8738778879456852
2023-11-02,143745.44144305662,2914.236118527653,2.0693113517079817
2023-11-03,143000.68247555473,-744.7589675018971,-0.5181096249211675
2023-11-06,145089.22253359022,2088.540058035491,1.460510552732863
2023-11-07,147185.90011837645,2096.67758478623,1.4450953338734855
2023-11-08,148052.08350427166,866.1833858952159,0.5884961706240713
2023-11-09,147663.49782301477,-388.58568125689635,-0.26246552703575066
2023-11-10,151092.23845981347,3428.7406367986987,2.3219960838990072
2023-11-13,149795.32952336431,-1296.908936449152,-0.858355763121542
2023-11-14,151935.26119264885,2139.9316692845314,1.4285703540247934
2023-11-15,152397.27240374146,462.01121109261294,0.30408425764102126
2023-11-16,153775.26866444404,1377.996260702581,0.9042132047166154
2023-11-17,153759.06872657404,-16.199937869998394,-0.01053481356963101
2023-11-20,155185.67732015846,1426.6085935844167,0.9278207818241404
2023-11-21,154529.11662336293,-656.5606967955246,-0.4230807302151962
2023-11-22,155072.1776008932,543.0609775302582,0.3514295489398753
2023-11-24,153986.005568745,-1086.172032148199,-0.700429986185957
2023-11-27,153840.09345446783,-145.9121142771619,-0.09475673697634905
2023-11-28,154334.57965693198,494.48620246414794,0.3214286934962773
2023-11-29,153499.68193157547,-834.8977253565099,-0.5409660798068661
2023-11-30,153969.805630875,470.12369929952547,0.30627014556882887
2023-12-01,155015.46529907634,1045.6596682013478,0.6791329403300004
2023-12-04,153548.2942644573,-1467.1710346190375,-0.9464675229586784
2023-12-05,156782.51045409698,3234.216189639672,2.106318539800487
2023-12-06,155890.8879076517,-891.6225464452873,-0.5687002611852793
2023-12-07,157471.53362299208,1580.6457153403899,1.0139436220779945
2023-12-08,158638.75542157792,1167.2217985858442,0.741227174036629
2023-12-11,156587.97348766602,-2050.7819339119014,-1.292737029146508
2023-12-12,157828.1576030264,1240.1841153603746,0.7920047036422373
2023-12-13,160462.57547477508,2634.4178717486793,1.669168487903684
2023-12-14,160584.1501244315,121.5746496564243,0.07576511176933963
2023-12-15,160146.4388201438,-437.7113042876881,-0.2725744128225106
2023-12-18,158784.6550165832,-1361.7838035606255,-0.8503366129108925
2023-12-19,159635.77771835352,851.122701770335,0.5360232710657369
2023-12-20,157925.45738442166,-1710.320333931857,-1.0713891073650086
2023-12-21,157803.84517694952,-121.61220747214975,-0.07700608216452506
2023-12-22,156928.42256837414,-875.4226085753762,-0.5547536611631626
2023-12-26,156482.61129515152,-445.81127322261455,-0.2840857417198426
2023-12-27,156563.6610615891,81.0497664375871,0.05179474304957381
2023-12-28,156912.21011123224,348.5490496431303,0.2226244885178163
2023-12-29,156061.12496727766,-851.0851439545804,-0.5423957404916173
2024-01-02,150476.21516550868,-5584.909801768983,-3.578668167963038
2024-01-03,149349.4806923259,-1126.7344731827907,-0.7487791156519297
2024-01-04,147452.72336089806,-1896.757331427827,-1.2700126727158343
2024-01-05,146860.99997339823,-591.7233874998346,-0.4012970218607367
2024-01-08,150411.37785621296,3550.3778828147333,2.4175089938498537
2024-01-09,150070.91625623291,-340.4615999800444,-0.2263536208713623
2024-01-10,150922.0514772752,851.135221042292,0.5671553438036276
2024-01-11,150435.665243746,-486.3862335291924,-0.32227645249205283
2024-01-12,150703.18956549538,267.52432174936985,0.17783304332513764
2024-01-16,148846.95711728637,-1856.232448209019,-1.2317141087463865
2024-01-17,148076.87166268172,-770.0854546046467,-0.5173672808090026
2024-01-18,152899.84605586872,4822.974393187003,3.2570747470771213
2024-01-19,155274.8145362592,2374.9684803904674,1.5532837616609945
2024-01-22,157163.4844180239,1888.669881764712,1.216340130500479
2024-01-23,158209.14408622525,1045.6596682013478,0.6653324543378658
2024-01-24,157657.95810121615,-551.1859850090987,-0.3483907255756961
2024-01-25,157390.45881801064,-267.4992832055141,-0.1696706505825605
2024-01-26,155971.93767408928,-1418.52114392136,-0.9012751818466866
2024-01-29,155412.62668160137,-559.31099248791,-0.35859719435980636
2024-01-30,152421.58482981837,-2991.0418517829967,-1.924580978809937
2024-01-31,149471.06786125424,-2950.5169685641304,-1.9357605891963656
2024-02-01,151465.1124548054,1994.044593551167,1.3340672693943212
2024-02-02,150646.45222513468,-818.6602296707279,-0.5404942540250001
2024-02-05,152129.77312053595,1483.3208954012662,0.9846371245334783
2024-02-06,153442.94459121473,1313.1714706787898,0.8631916315541558
2024-02-07,153532.10684585926,89.16225464452873,0.058107757826249155
2024-02-08,152648.59678762083,-883.510058238433,-0.5754562198025756
2024-02-09,153273.5087649919,624.9119773710554,0.40937944437215634
2024-02-12,151893.75980621995,-1379.748958771932,-0.9001874948184592
2024-02-13,150181.26111897329,-1712.4986872466689,-1.12743189017864
2024-02-14,149458.9241674877,-722.3369514855731,-0.4809767517622183
2024-02-15,149223.5493360398,-235.37483144790167,-0.1574846284750011
2024-02-16,147965.5377774593,-1258.0115585805033,-0.8430382229734794
2024-02-20,147356.81321868635,-608.7245587729558,-0.41139617232255776
2024-02-21,147973.65026566622,616.8370469798683,0.41860096829350213
2024-02-22,149637.44898512756,1663.798719461338,1.1243885086799017
2024-02-23,148135.9751454361,-1501.4738396914618,-1.0034078032436204
2024-02-26,147032.2135362343,-1103.7616092017852,-0.7451003094407961
2024-02-27,148225.26259279987,1193.0490565655637,0.8114201832862642
2024-02-28,147243.20082597373,-982.0617668261402,-0.6625468220785223
2024-02-29,146699.42624994382,-543.7745760299149,-0.3693036914299359
2024-03-01,145814.7769379603,-884.6493119835213,-0.6030352910012557
2024-03-04,142113.8047331687,-3700.9722047915857,-2.5381324736149584
2024-03-05,138071.95779242355,-4041.846940745163,-2.8440917111001918
2024-03-06,137260.33339357423,-811.6243988493225,-0.5878271097376
2024-03-07,137162.93345800354,-97.39993557069101,-0.0709600021817015
2024-03-08,138567.0449199401,1404.1114619365544,1.0236814178128266
2024-03-11,140206.5186940526,1639.473774112499,1.1831628328797357
2024-03-12,140596.06835924764,389.5496651950525,0.2778399098868552
2024-03-13,138891.6946794798,-1704.3736797678284,-1.2122484644541087
2024-03-14,140409.43105340088,1517.7363739210705,1.0927481138620627
2024-03-15,140100.99375100306,-308.437302397826,-0.21966993248517638
2024-03-18,140993.74303192156,892.749280918506,0.637218378696985
2024-03-19,142909.17911706038,1915.4360851388192,1.3585255940791334
2024-03-20,145011.2650273179,2102.085910257505,1.4709243473686426
2024-03-21,139086.46951207734,-5924.795515240548,-4.085748451421624
2024-03-22,139825.03143997674,738.5619278993981,0.5310091847828996
2024-03-25,138664.44485551078,-1160.5865844659565,-0.8300277657825282
2024-03-26,137601.4688558849,-1062.9759996258945,-0.7665815131871203
2024-03-27,137463.867387029,-137.60146885589347,-0.10000000000000625
2024-03-28,136012.3650852241,-1451.502301804896,-1.055915513942436
2024-04-01,134862.26502557573,-1150.1000596483645,-0.8455849281995226
2024-04-02,133918.3811133415,-943.883912234247,-0.69988733472276
2024-04-03,134560.8627834192,642.4816700777155,0.4797561505272027
2024-04-04,133902.5616248451,-658.3011585740896,-0.48922186210536583
2024-04-05,134505.3538744416,602.792249596474,0.450172306102192
2024-04-08,133609.06300957853,-896.2908648630546,-0.6663607351271137
2024-04-09,134576.74344549834,967.680435919814,0.7242625718065551
2024-04-10,133077.66033103882,-1499.0831144595286,-1.1139243498388232
2024-04-11,138836.02755202103,5758.367220982211,4.327072783409267
2024-04-12,140033.75736319023,1197.729811169207,0.8626938067069262
2024-04-15,136972.10519010434,-3061.652173085895,-2.1863672236868017
2024-04-16,134346.71853968204,-2625.386650422297,-1.9167308896789668
2024-04-17,133252.13962372785,-1094.5789159541891,-0.8147418320685541
2024-04-18,132490.71203937184,-761.4275843560172,-0.5714186552697063
2024-04-19,130872.63407176785,-1618.077967603982,-1.221276527763805
2024-04-22,131538.9000308146,666.265959046752,0.5090949408731129
2024-04-23,132379.65751726693,840.7574864523194,0.6391702274044877
2024-04-24,134061.17249017156,1681.5149729046389,1.2702215766688403
2024-04-25,134751.2349729039,690.0624827323481,0.5147370188657262
2024-04-26,134283.26929966485,-467.96567323905765,-0.34728117581494317
2024-04-29,137614.57462546552,3331.3053258006694,2.4808044540281267
2024-04-30,135100.2057929985,-2514.3688324670366,-1.8271094026996713
2024-05-01,134283.26929966485,-816.9364933336328,-0.6046893034236741
2024-05-02,137241.78281225226,2958.5135125874076,2.2031884746455095
2024-05-03,145451.08186040088,8209.29904814862,5.981632473675309
2024-05-06,144126.4658039138,-1324.6160564870806,-0.9106952245005665
2024-05-07,144673.7613792492,547.295575335389,0.37973287715248133
2024-05-08,144943.414531964,269.6531527148036,0.186387047757701
2024-05-09,146394.94130320198,1451.5267712379864,1.0014437537056124
2024-05-10,145386.25009741375,-1008.6912057882291,-0.6890205336392774
2024-05-13,147951.63769788537,2565.387600471615,1.764532477282217
2024-05-14,148865.03269648232,913.3949985969521,0.6173605191597058
2024-05-15,150683.84565848703,1818.8129620047112,1.2217865599862188
2024-05-16,150779.15410039487,95.30844190783682,0.0632506036007641
2024-05-17,150802.98732823003,23.83322783515905,0.015806712789547768
2024-05-20,151732.25075418962,929.2634259595943,0.6162102239639373
2024-05-21,152772.7277535692,1040.476999379578,0.6857322647017075
2024-05-22,151621.0494154861,-1151.6783380830893,-0.7538507396037399
2024-05-23,148428.2166115741,-3192.832803911995,-2.105797853411961
2024-05-24,150890.35543909835,2462.1388275242352,1.658807795264073
2024-05-28,150898.2957701379,7.940331039542798,0.005262318467231418
2024-05-29,151136.56687490744,238.2711047695484,0.15790178646716116
2024-05-30,151930.82020376137,794.2533288539271,0.5255202928562708
2024-05-31,152693.28773902394,762.4675352625782,0.5018517863854076
2024-06-03,154107.03370556215,1413.7459665382048,0.9258730278664978
2024-06-04,154361.19770712737,254.16400156522286,0.16492693127221575
2024-06-05,155568.4583624873,1207.260655359918,0.7821011195122223
2024-06-06,154464.45871479128,-1103.9996476960077,-0.709655195736142
2024-06-07,156378.58011870383,1914.121403912548,1.2391985961293857
2024-06-10,153384.26782549737,-2994.312293206458,-1.914784167328758
2024-06-11,164527.50084068874,11143.233015191363,7.264912610117764
2024-06-12,169229.43699191292,4701.9361512241885,2.857842079408386
2024-06-13,170158.71265258902,929.2756606760959,0.5491217587165428
2024-06-14,168768.7876791695,-1389.9249734195182,-0.8168403202822244
2024-06-17,172088.73918801377,3319.9515088442713,1.9671596593770169
2024-06-18,170198.40207307023,-1890.3371149435407,-1.0984664794820027
2024-06-20,166536.95515594215,-3661.44691712808,-2.1512816057791975
2024-06-21,164797.5577390496,-1739.3974168925488,-1.0444513142826521
2024-06-24,165313.81383850306,516.2560994534579,0.31326683874219113
2024-06-25,166052.48485008004,738.671011576982,0.44682957487061425
2024-06-26,169372.41188949122,3319.927039411181,1.9993239140074095
2024-06-27,170047.5113138855,675.0994243942841,0.39858877656814595
2024-06-28,167283.55426384215,-2763.957050043362,-1.625402823415309
2024-07-01,172152.26183633026,4868.707572488114,2.910452012998908
2024-07-02,174947.98021053185,2795.7183742015914,1.6239800420743558
2024-07-03,175964.6117473596,1016.6315368277428,0.5811050436846036
2024-07-05,179769.04579678256,3804.434049422969,2.1620449769099985
2024-07-08,180944.52065855122,1175.4748617686564,0.6538805702386916
2024-07-09,181627.56041398508,683.039755433856,0.3774857359305046
2024-07-10,185042.84483417028,3415.2844201851985,1.8803778525685833
2024-07-11,180745.97567841256,-4296.869155757711,-2.3220941937033195
2024-07-12,183104.85349827286,2358.877819860296,1.305079026521324
2024-07-15,186170.65324026847,3065.799741995608,1.6743410583731613
2024-07-16,186504.2450216624,333.591781393945,0.1791860186274458
2024-07-17,181786.42820835905,-4717.816813303361,-2.5296029121242727
2024-07-18,178053.4693730087,-3732.9588353503495,-2.053485990203694
2024-07-19,178156.73038067264,103.26100766393938,0.05799438114155209
2024-07-22,177878.74538598873,-277.98499468390946,-0.15603395621929683
2024-07-23,178712.68813532387,833.9427493351395,0.4688265298507261
2024-07-24,173573.93589919145,-5138.752236132423,-2.8754266357637035
2024-07-25,172740.00538457284,-833.9305146186089,-0.480446854130761
2024-07-26,173113.29882116456,373.2934365917172,0.21610132277155497
2024-07-29,173335.67702913846,222.37820797390305,0.12845818864767392
2024-07-30,173780.44567980277,444.76865066430764,0.2565938289724049
2024-07-31,176385.57163962183,2605.1259598190663,1.4990903893865668
2024-08-01,173430.97323632974,-2954.598403292097,-1.6750794159789428
2024-08-02,174622.34099489404,1191.3677585643018,0.6869405944812734
2024-08-05,166211.3281750209,-8411.01281987314,-4.816687699839666
2024-08-06,164591.0234890052,-1620.3046860157046,-0.9748461213844102
2024-08-07,166648.14425992907,2057.1207709238806,1.2498377659467546
2024-08-08,169250.6460443347,2602.501784405613,1.5616746264791082
2024-08-09,169250.6460443347,0.0,0.0
2024-08-12,169081.39539829036,-169.25064604432555,-0.09999999999999461
2024-08-13,171988.42535880915,2907.02996051879,1.719308001729553
2024-08-14,172338.18218475115,349.75682594199316,0.20336067686666498
2024-08-15,174670.01793963887,2331.8357548877248,1.3530581124430885
2024-08-16,175703.8008096825,1033.782870043622,0.5918490661636441
2024-08-19,175579.4335252588,-124.36728442370077,-0.07078235294318531
2024-08-20,176061.35525745776,481.92173219897086,0.2744750467198892
2024-08-21,175975.85648677355,-85.49877068420756,-0.04856191783777941
2024-08-22,174522.32954697145,-1453.5269398021046,-0.8259808867083721
2024-08-23,176317.8396099677,1795.5100629962399,1.0288139447009794
2024-08-26,176582.10962476814,264.27001480045146,0.14988274322385223
2024-08-27,177242.81456062608,660.7049358579388,0.3741630096400579
2024-08-28,176045.7958924193,-1197.018668206787,-0.6753552583635741
2024-08-29,178610.83077020128,2565.034877781989,1.4570270563856402
2024-08-30,177996.76805083075,-614.0627193705295,-0.34379926274492045
2024-09-03,173154.32529693897,-4842.442753891781,-2.720522853824469
2024-09-04,171661.96572202546,-1492.359574913513,-0.8618667609684567
2024-09-05,172851.19872794164,1189.233005916176,0.6927760619040778
2024-09-06,171638.64461378174,-1212.554114159895,-0.7015017096111605
2024-09-09,171708.60793851287,69.96332473112852,0.04076198858861812
2024-09-10,171086.7834759371,-621.8244625757798,-0.3621393650797337
2024-09-11,173068.83848579746,1982.0550098603708,1.158508547294737
2024-09-12,173154.32529693897,85.48681114151259,0.04939468704444323
2024-09-13,172944.4712013738,-209.85409556518425,-0.12119483310931423
2024-09-16,168140.89696122153,-4803.574240152258,-2.7775240265177676
2024-09-17,168506.1892331166,365.2922718950722,0.21725367147251504
2024-09-18,171537.5864780591,3031.397244942491,1.7989827309837052
2024-09-19,177895.72187465077,6358.135396591679,3.7065552379127884
2024-09-20,177374.9555477977,-520.7663268530741,-0.2927368468253652
2024-09-23,176030.26044646616,-1344.695101331541,-0.75810877425093
2024-09-24,176729.79801743553,699.5375709693762,0.39739620290007904
2024-09-25,175952.52341898717,-777.2745984483627,-0.4398095890833754
2024-09-26,176846.4155181967,893.8920992095373,0.5080302810326599
2024-09-27,177056.26961376186,209.85409556515515,0.11866460224836284
2024-09-30,181105.86644462415,4049.5968308622832,2.2871807023248865
2024-10-01,175828.16809410616,-5277.698350517981,-2.914150962708719
2024-10-02,176271.23327210837,443.0651780022017,0.2519875983494669
2024-10-03,175408.4479434331,-862.7853286752652,-0.4894646237275659
2024-10-04,176286.75675851875,878.3088150856493,0.5007220720457501
2024-10-07,172314.87303605012,-3971.8837224686285,-2.253081170419056
2024-10-08,175486.1610518267,3171.288015776576,1.8404029552998067
2024-10-09,178416.51212058918,2930.3510687624803,1.6698473835193497
2024-10-10,178027.85090227966,-388.66121830951306,-0.21783926481357424
2024-10-11,176869.7246668977,-1158.126235381962,-0.6505309307012098
2024-10-14,179784.51637062168,2914.791703723982,1.6479879240008248
2024-10-15,181766.58334002475,1982.0669694030657,1.1024681153949207
2024-10-16,180157.6062643501,-1608.9770756746584,-0.8851886007368021
2024-10-17,180445.19738739426,287.5911230441707,0.15963307295623172
2024-10-18,182660.4395606062,2215.24217321194,1.227653717187097
2024-10-21,183810.82797186833,1150.3884112621308,0.6297961474468232
2024-10-22,183328.91819921203,-481.909772656305,-0.2621770316654358
2024-10-23,179364.78426040593,-3964.1339388061024,-2.162306949577113
2024-10-24,179217.11978682387,-147.66447358205914,-0.08232634638451462
2024-10-25,179870.01514130586,652.895354481996,0.3643041218710609
2024-10-28,181416.80259499737,1546.7874536915042,0.8599473639207447
2024-10-29,181626.65669056258,209.85409556521336,0.11567511529441989
2024-10-30,178851.76771721538,-2774.8889733472024,-1.5277983000451205
2024-10-31,175594.9809307546,-3256.7867864607833,-1.8209419051480258
2024-11-01,173263.15713540956,-2331.82379534503,-1.3279558350614693
2024-11-04,172563.58368581216,-699.5734495974029,-0.40376353586277347
2024-11-05,173682.88924562532,1119.3055598131614,0.6486337012165264
2024-11-06,173115.45678319948,-567.4324624258443,-0.32670602434726403
2024-11-07,176815.2967881197,3699.840004920232,2.137209509578173
2024-11-08,176605.21546124344,-210.08132687627221,-0.1188140000850807
2024-11-11,174480.91365063924,-2124.3018106042,-1.2028533840612337
2024-11-12,174480.91365063924,0.0,0.0
2024-11-13,175173.45488913544,692.5412384961965,0.3969151834468625
2024-11-14,177585.67073043648,2412.2158413010475,1.3770441662109716
2024-11-15,175080.06282027645,-2505.6079101600335,-1.4109291024743678
2024-11-18,177430.04120142356,2349.9783811471134,1.3422307162177671
2024-11-19,177632.34882555195,202.3076241283852,0.1140210658570044
2024-11-20,178192.6055623643,560.2567368123564,0.3154024255810352
2024-11-21,177819.10904418453,-373.4965181797743,-0.20960270321040736
2024-11-22,178869.5874358221,1050.47839163756,0.5907567512198798
2024-11-25,181203.9825328453,2334.3950970231963,1.3050821721500145
2024-11-26,182908.09777061155,1704.1152377662656,0.9404402783792984
2024-11-27,182806.93199900468,-101.16577160687302,-0.05530961878666898
2024-11-29,184674.46242807445,1867.5304290697677,1.021586221402116
2024-12-02,186433.05338278945,1758.5909547150077,0.952265370963205
2024-12-03,188814.11461538542,2381.0612325959664,1.2771668914884455
2024-12-04,189094.266902877,280.15228749156813,0.148374653061419
2024-12-05,189117.61193020607,23.34502732908004,0.01234570868352691
2024-12-06,188961.97044165045,-155.64148855561507,-0.08229878061967842
2024-12-09,192004.49006129376,3042.51961964331,1.6101227207422717
2024-12-10,192798.1731523115,793.6830910177378,0.4133669430149105
2024-12-11,191802.17047762268,-996.0026746888179,-0.5166037926624807
2024-12-12,192946.02897857656,1143.8585009538801,0.5963741171987064
2024-12-13,193078.32543980307,132.29646122650593,0.06856656336845121
2024-12-16,195342.649576211,2264.3241364079295,1.1727490028982503
2024-12-17,197241.32265444312,1898.6730782321247,0.9719705770097974
2024-12-18,193016.07602010647,-4225.246634336654,-2.1421711117497795
2024-12-19,194370.00388839396,1353.9278682874865,0.7014586018972057
2024-12-20,198027.24400225573,3657.2401138617715,1.8815866855472905
2024-12-23,198634.19079372624,606.9467914705165,0.30649661087219027
2024-12-24,200914.14605242872,2279.955258702481,1.147816118459749
2024-12-26,201552.16373580555,638.0176833768201,0.31755737259552086
2024-12-27,198883.18847251276,-2668.975263292785,-1.3242106727225593
2024-12-30,196245.29606066894,-2637.8924118438154,-1.326352635486027
2024-12-31,194860.2375027618,-1385.0585579071485,-0.7057792394060542
2025-01-02,189747.891789463,-5112.345713298797,-2.623596162468158
2025-01-03,189366.59764944992,-381.2941400130803,-0.20094776095649575
2025-01-06,190642.7526116303,1276.154962180386,0.6739071082339283
2025-01-07,188471.76074636797,-2170.991865262331,-1.1387749261494287
2025-01-08,188853.0309672957,381.2702209277195,0.20229567518117803
2025-01-10,184300.96590989464,-4552.065057401051,-2.4103743710575376
2025-01-13,182394.5310884573,-1906.4348214373458,-1.0344139066365003
2025-01-14,181523.02725316174,-871.5038352955598,-0.4778124815995167
2025-01-15,185094.6609604551,3571.6337072933675,1.9675926307201652
2025-01-16,177616.77750097075,-7477.88345948435,-4.040031960231406
2025-01-17,178955.1938423905,1338.4163414197392,0.753541619350922
2025-01-21,173243.66308082637,-5711.530761564121,-3.191598208987655
2025-01-22,174169.66655215606,926.0034713296918,0.5345092887453362
2025-01-23,174037.38205047222,-132.28450168384006,-0.07595151572746839
2025-01-24,173352.60255518113,-684.7794952910917,-0.3934669018938128
2025-01-27,178861.8017735315,5509.199218350375,3.178030867230102
2025-01-28,185398.12239664767,6536.32062311616,3.6543971704993883
2025-01-29,186254.07882644748,855.9564297998149,0.46168559785548946
2025-01-30,184876.78201174553,-1377.2968147019565,-0.7394720284141153
2025-01-31,183639.54340147538,-1237.238610270142,-0.6692233588269284
2025-02-03,177422.23162004753,-6217.311781427852,-3.385606207828276
2025-02-04,181149.51877543924,3727.2871553917066,2.1008005148834727
2025-02-05,180892.72347481945,-256.7953006197931,-0.14175875395955517
2025-02-06,181294.84891372197,402.1254389025271,0.22230050561348513
2025-02-07,181113.55406480824,-181.2948489137343,-0.1000000000000068
2025-02-10,181328.60873972648,215.05467491823947,0.11874024339519394
2025-02-11,185287.30966200682,3958.7009222803463,2.1831640080372225
2025-02-12,188672.55590865779,3385.2462466509605,1.8270254195099396
2025-02-13,192384.37073791376,3711.814829255978,1.9673316086590689
2025-02-14,194829.69133782474,2445.3205999109778,1.271059904986903
2025-02-18,194726.1505705932,-103.54076723154867,-0.05314424435032043
2025-02-19,195044.74601274298,318.59544214978814,0.16361204759413614
2025-02-20,195809.40931438294,764.6633016399574,0.39204506518211935
2025-02-21,195586.39372775244,-223.01558663049946,-0.11389421346572548
2025-02-24,196821.00762401934,1234.6138962669065,0.631237108438859
2025-02-25,196773.19323877365,-47.81438524569967,-0.024293334244603556
2025-02-26,191452.4304603721,-5320.762778401549,-2.704007944794132
2025-02-27,189015.05854343038,-2437.3719169417163,-1.2730953120212374
2025-02-28,192631.28128842413,3616.222744993749,1.9131929343940826
2025-03-03,189596.5230457441,-3034.758242680022,-1.5754233800356239
2025-03-04,187923.82665918535,-1672.6963865587604,-0.8822400114137048
2025-03-05,187772.4837354512,-151.34292373413336,-0.08053418580529742
2025-03-06,187445.91515284614,-326.5685826050758,-0.17391716619415415
2025-03-07,190424.91032731123,2978.99517446509,1.5892558512336605
2025-03-10,181193.19986815992,-9231.710459151305,-4.847953160793622
2025-03-11,175904.28073660744,-5288.91913155248,-2.9189390856835753
2025-03-12,172829.69347788012,-3074.587258727319,-1.7478751772568242
2025-03-13,167015.08514097182,-5814.608336908306,-3.3643572582349677
2025-03-14,170049.84338365178,3034.7582426799636,1.8170563695599269
2025-03-17,170456.05776960857,406.21438595678774,0.23887960016541848
2025-03-18,169412.6280418662,-1043.4297277423611,-0.6121400092173194
2025-03-19,171443.7611153651,2031.1330734989024,1.1989266071694238
2025-03-20,170535.74025918933,-908.0208561757754,-0.5296319039365713
2025-03-21,173857.22583968402,3321.4855804946856,1.9476771118162766
2025-03-24,175816.6617928005,1959.435953116481,1.1270373972970797
2025-03-25,178222.17783415015,2405.5160413496487,1.3681957198030203
2025-03-26,176453.8771345861,-1768.3006995640462,-0.9921889189400379
2025-03-27,178301.8358662449,1847.9587316587858,1.047275787683202
2025-03-28,173562.48867518496,-4739.347191059933,-2.658047331949631
2025-03-31,176931.81309841137,3369.3244232264115,1.941274551283926
2025-04-01,177776.10997465995,844.2968762485834,0.47718771512219593
2025-04-02,178333.6795130939,557.5695384339488,0.3136358077097222
2025-04-03,161845.66528630446,-16488.01422678944,-9.245597506767549
2025-04-04,150049.13495035705,-11796.530335947406,-7.288752723206632
2025-04-07,144537.18800343102,-5511.946946926037,-3.6734280065990617
2025-04-08,137336.59838903561,-7200.589614395401,-4.981824894936017
2025-04-09,158230.34541386607,20893.74702483046,15.213531767871814
2025-04-10,158230.34541386607,0.0,0.0
2025-04-11,158230.34541386607,0.0,0.0
2025-04-14,158230.34541386607,0.0,0.0
2025-04-15,158230.34541386607,0.0,0.0
2025-04-16,158230.34541386607,0.0,0.0
2025-04-17,158230.34541386607,0.0,0.0
2025-04-21,158230.34541386607,0.0,0.0
2025-04-22,158230.34541386607,0.0,0.0
2025-04-23,158230.34541386607,0.0,0.0
2025-04-24,158072.1150684522,-158.2303454138746,-0.10000000000000538
2025-04-25,158603.6879960337,531.5729275814956,0.3362850730195525
2025-04-28,158445.08430803765,-158.60368799604475,-0.10000000000000696
2025-04-29,159251.85213228932,806.7678242516704,0.5091781974650661
2025-04-30,160224.525148626,972.6730163366883,0.610776580186142
2025-05-01,160842.81485834174,618.2897097157256,0.3858895566344749
2025-05-02,154833.42829175663,-6009.386566585104,-3.7361858979387548
2025-05-05,149962.60835773556,-4870.81993402107,-3.1458451755281542
2025-05-06,149676.08272875924,-286.52562897632015,-0.19106471414048343
2025-05-07,147824.07497798942,-1852.0077507698152,-1.2373438140587871
2025-05-08,147676.25090301145,-147.82407497797976,-0.09999999999999346
2025-05-09,148453.91824954332,777.6673465318745,0.5266028503409251
2025-05-12,157828.21938850792,9374.301138964598,6.314620219863032
2025-05-13,159430.53097531258,1602.3115868046589,1.0152250294736134
2025-05-14,158981.30007869113,-449.23089662144776,-0.2817721887227548
2025-05-15,158322.3951871322,-658.9048915589228,-0.41445433597082426
2025-05-16,158180.13280510946,-142.26238202274544,-0.08985613302186067
2025-05-19,156323.2482420818,-1856.8845630276483,-1.1739050474280979
2025-05-20,154885.65426803238,-1437.593974049436,-0.919629031648051
2025-05-21,151314.12456364126,-3571.5297043911123,-2.305913818338861
2025-05-22,150767.5647068205,-546.5598568207643,-0.3612087492803003
2025-05-23,146207.68340518075,-4559.881301639747,-3.0244444887776747
2025-05-27,149906.4938575937,3698.8104524129594,2.529833156690242
2025-05-28,150063.7149132588,157.22105566508253,0.1048794162409251
2025-05-29,149711.81297683658,-351.90193642221857,-0.23450168258571247
2025-05-30,150385.6880222171,673.875045380526,0.45011481190518216
2025-06-02,151022.11472268487,636.4267004677677,0.42319632196233037
2025-06-03,152197.66212377982,1175.5474010949547,0.778394212830061
2025-06-04,151860.71886099994,-336.9432627798815,-0.22138530781494603
2025-06-05,150220.97040946185,-1639.748451538093,-1.0797712955902543
2025-06-06,152684.34136531403,2463.3709558521805,1.6398316088211222
2025-06-09,150834.9418791972,-1849.3994861168321,-1.211256812309221
2025-06-10,151748.41974697902,913.4778677818249,0.6056142273144003
2025-06-11,148835.79493414678,-2912.6248128322477,-1.9193773600335837
2025-06-12,149150.2600058356,314.4650716888136,0.21128322782026357
2025-06-13,147091.1980049607,-2059.0620008748956,-1.380528603030483
2025-06-16,148566.22884374353,1475.0308387828409,1.0028002074829079
2025-06-17,146484.7116121362,-2081.517231607344,-1.4010702484725561
2025-06-18,147188.53844533928,703.8268332030857,0.48047801402421164
2025-06-20,150498.01009659655,3309.4716512572777,2.248457445269287
2025-06-23,150872.3787439306,374.36864733404946,0.24875322078595088
2025-06-24,149973.8825101497,-898.4962337808975,-0.5955339481363103
2025-06-25,150917.3006855748,943.4181754250894,0.629054979196956
2025-06-26,150498.01009659655,-419.29058897824143,-0.27782804693267266
2025-06-27,150557.89071188308,59.880615286529064,0.03978831032257166
2025-06-30,153620.262983649,3062.3722717659257,2.03401645525592
2025-07-01,155604.4512550571,1984.1882714080857,1.2916188482370183
2025-07-02,159063.65888506875,3459.2076300116605,2.2230775547298087
2025-07-03,159894.76646629363,831.1075812248746,0.5224999770848917
2025-07-07,157199.27776495097,-2695.4887013426633,-1.6857891980541349
2025-07-08,157244.19970659516,44.921941644191975,0.028576430046555683
2025-07-09,158090.28892182102,846.0892152258602,0.5380734022651352
2025-07-10,159041.20365433628,950.914732515259,0.6015010403235498
2025-07-11,158105.27055582197,-935.9330985143024,-0.5884846675006814
2025-07-14,156203.4410907915,-1901.8294650304888,-1.2028880873765766
2025-07-15,156570.336141394,366.8950506024994,0.23488282206871858
2025-07-16,157356.53326115402,786.197119760036,0.5021367004347776
2025-07-17,157251.6962636853,-104.83699746872298,-0.06662386066597699
2025-07-18,158120.2292294643,868.5329657790135,0.5523202524458789
2025-07-21,159093.61067289131,973.3814434270025,0.6155957704908396
2025-07-22,160531.19316676143,1437.5824938701116,0.9036079373582713
2025-07-23,160344.02032327375,-187.17284348767134,-0.1165959336595937
2025-07-24,160051.99900213804,-292.0213211357186,-0.1821217408338439
2025-07-25,160141.8543656058,89.85536346776644,0.0561413565765999
2025-07-28,160269.14659380695,127.29222820114228,0.07948717011265061
2025-07-29,158187.61788202025,-2081.5287117866974,-1.2987706966845052
2025-07-30,156525.41419974976,-1662.2036822704831,-1.0507798932215988
2025-07-31,155417.27841156942,-1108.1357881803415,-0.7079590198472147
2025-08-01,151531.27215531011,-3886.0062562593084,-2.500369518740736
2025-08-04,152257.565699425,726.2935441148875,0.4793027431133039
2025-08-05,151935.59259046675,-321.9731089582492,-0.2114660821478411
2025-08-06,159670.15675807255,7734.5641676058,5.0906861491328455
2025-08-07,164746.63464853115,5076.477890458598,3.179352982129482
2025-08-08,171724.9649643789,6978.330315847736,4.235795365856934
2025-08-11,170293.2258817781,-1431.7390826007759,-0.8337396271402724
2025-08-12,172144.73772088817,1851.511839110055,1.0872492605169284
2025-08-13,174903.2411264693,2758.503405581141,1.6024326053194378
2025-08-14,174490.96492705014,-412.2761994191678,-0.23571672929780557
2025-08-15,173598.94351440071,-892.0214126494247,-0.5112135250225445
2025-08-18,173074.23043880894,-524.7130755917751,-0.30225591525460416
2025-08-19,172826.85553501398,-247.37490379496012,-0.1429299458202245
2025-08-20,169416.1975833089,-3410.6579517050704,-1.9734536864347947
2025-08-21,168584.13714720117,-832.0604361077421,-0.4911339340493602
2025-08-22,170727.9917524676,2143.854605266446,1.2716822837219346
2025-08-25,170278.24424777715,-449.7475046904583,-0.26342927136548944
2025-08-26,171889.86626000312,1611.6220122259692,0.9464638417817182
2025-08-27,172774.40259574173,884.5363357386086,0.5145948129371665
2025-08-28,174326.0521512466,1551.649555504875,0.8980783797791106
2025-08-29,174011.21971381982,-314.83243742678314,-0.1805997632262286
2025-09-02,172197.2021403397,-1814.017573480116,-1.0424716156024094
2025-09-03,178756.17298613337,6558.970845793665,3.808988046419095
2025-09-04,179738.1186433264,981.9456571930205,0.5493212574366272
2025-09-05,179670.67258987392,-67.44605345246964,-0.037524624137359575
2025-09-08,178313.91055835373,-1356.762031520193,-0.755138282705276
2025-09-09,175667.8440289452,-2646.066529408534,-1.4839372436636686
2025-09-10,170000.8831156217,-5666.960913323506,-3.2259523333079376
2025-09-11,172429.58392995442,2428.7008143327257,1.4286401163462827
2025-09-12,175457.9633907802,3028.3794608257886,1.756299233463324
2025-09-15,177251.9563170916,1793.9929263113881,1.0224630969389545
2025-09-16,177074.7043607745,-177.25195631707902,-0.09999999999999291
2025-09-17,177699.2958281004,624.5914673258958,0.35272766349130497
2025-09-18,176873.95461187323,-825.3412162271852,-0.4644594748566641
2025-09-19,182539.7458970765,5665.791285203275,3.203293157342534
2025-09-22,190406.41672562616,7866.670828549657,4.309566001579301
2025-09-23,189179.58739906867,-1226.8293265574903,-0.6443214192331237
2025-09-24,187603.2765481036,-1576.3108509650629,-0.833235166984418
2025-09-25,190993.81670847125,3390.5401603676437,1.8072926138357026
2025-09-26,189945.44046008223,-1048.3762483890168,-0.5489058580305954
2025-09-29,189179.58739906867,-765.853061013564,-0.4031963384635763
2025-09-30,189328.29639963037,148.7090005617065,0.07860731837204471
2025-10-01,189937.99305320825,609.6966535778774,0.32203144758189867
2025-10-02,191187.14182544313,1249.148772234883,0.6576613515574805
2025-10-03,191848.89061483293,661.7487893897924,0.3461262002619294
2025-10-06,190860.00252165753,-988.8880931753956,-0.5154515566945578
2025-10-07,190703.8575016941,-156.14501996344188,-0.08181128465914358
2025-10-08,191878.63469243972,1174.7771907456336,0.6160217240153087
2025-10-09,188889.58264240235,-2989.0520500373677,-1.5577826342304801
2025-10-10,182368.7288383097,-6520.8538040926505,-3.4522040405148493
2025-10-13,184145.80082564836,1777.0719873386552,0.9744389834039083
2025-10-14,184227.58565159477,81.78482594640809,0.044413082231423255
2025-10-15,185209.55464828535,981.9689966905862,0.5330195221402153
2025-10-16,185024.34509363706,-185.20955464828876,-0.10000000000000185
2025-10-17,188643.3320434106,3618.9869497735344,1.9559517683697454
2025-10-20,196083.1846461619,7439.852602751314,3.9438725568308213
2025-10-21,196479.47566681483,396.29102065291954,0.20210352120098354
2025-10-22,193249.34770647404,-3230.1279603407893,-1.6440027383920561
2025-10-23,194094.24025411805,844.8925476440054,0.4372033115099103
2025-10-24,196516.87630466526,2422.636050547211,1.2481751376936137
2025-10-27,200995.7229281301,4478.846623464837,2.279115518059204
2025-10-28,201137.79038470465,142.06745657455758,0.07068183069017671
2025-10-29,201661.21609042046,523.4257057158102,0.26023240322700375
2025-10-30,202932.33391081195,1271.1178203914897,0.6303233933794926
2025-10-31,202162.17392979746,-770.159981014498,-0.37951565734861187
2025-11-03,201175.19102255508,-986.9829072423745,-0.48821344174163495
2025-11-04,201915.46255752255,740.271534967469,0.3679735712961109
2025-11-05,201990.21802717584,74.75546965328977,0.03702315251462879
2025-11-06,201713.54949978253,-276.6685273933108,-0.13697125043752748
2025-11-07,200741.52226707558,-972.0272327069542,-0.4818849477972238
2025-11-10,201654.5971165449,913.0748494693253,0.4548510139593986
2025-11-11,206010.5919203957,4355.994803850801,2.160126704839406
2025-11-12,204678.39173555403,-1332.2001848416694,-0.6466658691784368
2025-11-13,204289.15484622875,-389.23688932528603,-0.19016999597504308
2025-11-14,203885.00808841563,-404.14675781311234,-0.1978307454046296
2025-11-17,200180.16915396217,-3704.838934453466,-1.8171218027207015
2025-11-18,200165.19057640294,-14.97857755923178,-0.007482548157760566
2025-11-19,201003.48705319513,838.2964767921949,0.41880232740678136
2025-11-20,199274.56069024865,-1728.926362946484,-0.8601474473370343
2025-11-21,203196.4057751203,3921.84508487166,1.9680610868176778
2025-11-24,206512.07652931986,3315.6707541995565,1.6317565960635376
2025-11-25,207297.92508163108,785.8485523112176,0.3805339452870426
2025-11-26,207732.0518975864,434.1268159553292,0.2094216889939328
2025-11-28,208705.0181542688,972.9662566823827,0.4683756058800511
2025-12-01,211885.92751648306,3180.909362214268,1.524117335723586
2025-12-02,214198.62905283427,2312.7015363512037,1.0914842545035435
2025-12-03,212671.79897181806,-1526.8300810162036,-0.7128103890149529
2025-12-04,210089.64336056766,-2582.155611250404,-1.2141504532966192
2025-12-05,208652.61603583535,-1437.0273247323057,-0.6840067419534807
2025-12-08,207986.50449190263,-666.1115439327259,-0.31924428103902786
2025-12-09,207455.10853390762,-531.3959579950024,-0.2554954030758716
2025-12-10,208652.61603583535,1197.5075019277283,0.5772369311079177
2025-12-11,208091.2858257457,-561.3302100896544,-0.26902620286018747
2025-12-12,208278.38062709305,187.0948013473535,0.08990996456431408
2025-12-15,205157.33976906803,-3121.0408580250223,-1.4984948743254412
2025-12-16,205531.57517781033,374.23540874230093,0.18241385327161722
2025-12-17,203458.37056123992,-2073.2046165704087,-1.0087037063657152
2025-12-18,203720.3582503833,261.9876891433669,0.12876722074430944
2025-12-19,204623.2349330311,902.876682647824,0.4431941365124344
2025-12-22,204418.61169809807,-204.62323493303847,-0.1000000000000036
2025-12-23,205467.224569474,1048.6128713759244,0.5129732868573633
2025-12-24,206561.08403357398,1093.85946409998,0.5323766193815095
2025-12-26,206251.81433830663,-309.2696952673432,-0.1497231178439571
2025-12-29,206523.38623463604,271.5718963294057,0.13167006418860255
2025-12-30,206010.3683621328,-513.017872503231,-0.24840667289871932
2025-12-31,205090.0157301317,-920.3526320011006,-0.44675063654236563
2026-01-02,204448.80687324246,-641.2088568892505,-0.31264752435973625
2026-01-05,201619.83291816074,-2828.9739550817176,-1.3837077351278804
2026-01-06,197923.27863259177,-3696.554285568971,-1.8334279083890694
2026-01-07,196391.84306385703,-1531.4355687347415,-0.7737521221935548
2026-01-08,195418.67196034954,-973.1711035074841,-0.49552521546989936
2026-01-09,195667.62056031692,248.94859996737796,0.1273924326012663
2026-01-12,196331.4757985645,663.8552382475755,0.3392770026775759
2026-01-13,196935.0099415121,603.5341429476102,0.3074056976818299
2026-01-14,196112.69928874524,-822.3106527668715,-0.41755432566870165
2026-01-15,194792.5376060362,-1320.161682709033,-0.6731648116093194
2026-01-16,192770.7305461565,-2021.8070598797058,-1.0379283953725003
2026-01-20,186109.42789983927,-6661.302646317228,-3.4555570897326993
2026-01-21,186826.10160959326,716.6737097539881,0.38508189393805936
2026-01-22,187354.18244217426,528.0808325810067,0.2826590224981125
2026-01-23,187120.30834478282,-233.87409739143914,-0.1248299313860383
2026-01-26,192680.2258182103,5559.917473427486,2.971306280226373
2026-01-27,194837.78419876026,2157.558380549948,1.119761185346315
2026-01-28,193457.24370826056,-1380.5404904996976,-0.708558915395673
2026-01-29,194845.33299254635,1388.0892842857866,0.7175173478533932
2026-01-30,195750.63420696778,905.3012144214299,0.4646255573676284
2026-02-02,203694.389194558,7943.754987590219,4.058099234146675
2026-02-03,203294.58014385,-399.80905070799054,-0.19627887262329757
2026-02-04,208582.8449234611,5288.264779611083,2.601281734057612
2026-02-05,208145.33807381516,-437.506849645928,-0.2097520770734861
2026-02-06,209812.51342072204,1667.175346906879,0.8009669408572793
2026-02-09,207366.0116841361,-2446.501736585953,-1.1660418612307255
2026-02-10,206656.19421827962,-709.8174658564676,-0.34230173985198464
2026-02-11,208030.49021728343,1374.295999003807,0.6650156334303793
2026-02-12,197632.7770393064,-10397.713177977013,-4.998167896983189
2026-02-13,193139.89426429252,-4492.882775013888,-2.273349007346244
2026-02-17,199256.22940324424,6116.335138951719,3.1667901456869028
2026-02-18,199411.5269980363,155.29759479206405,0.07793863973897698
2026-02-19,199212.11547103827,-199.41152699803934,-0.10000000000000152
2026-02-20,202270.10731522235,3057.9918441840855,1.53504310566325
2026-02-23,203493.29002959174,1223.1827143693808,0.6047273769737735
2026-02-24,208049.7186786607,4556.428649068956,2.2391051068103356
2026-02-25,209647.51059425127,1597.7919155905838,0.7679856169661173
2026-02-26,208668.941050582,-978.5695436692622,-0.4667689785084887
2026-02-27,201964.30579358657,-6704.635256995447,-3.213048968015907
2026-03-02,202377.1284989254,412.8227053388255,0.20440379487687413
2026-03-03,201635.599541654,-741.5289572713955,-0.36640946670776237
2026-03-04,200494.54825860023,-1141.0512830537627,-0.565897731178191
2026-03-05,200294.05371034163,-200.49454825860448,-0.10000000000000213
2026-03-06,198116.3412117804,-2177.712498561217,-1.0872576884936136
2026-03-09,199978.55605650283,1862.2148447224172,0.939960244234354
2026-03-10,200709.58089397853,731.0248374757066,0.36555161307853407
2026-03-11,200694.1718295341,-15.409064444422256,-0.007677293916807009
2026-03-12,196808.19397895955,-3885.9778505745635,-1.9362684103628285
2026-03-13,192468.20157157083,-4339.992407388723,-2.205188879408499
2026-03-16,194545.87277768925,2077.6712061184226,1.0794880344667346
2026-03-17,195630.85911689186,1084.9863392026164,0.5577020595252864
2026-03-18,192329.69643124007,-3301.162685651798,-1.6874447623211184
2026-03-19,191575.5932850315,-754.1031462085666,-0.39208877266551845
2026-03-20,190829.1593831113,-746.433901920187,-0.38962891312027514
2026-03-23,193522.42859510754,2693.2692119962303,1.4113509804804962
2026-03-24,193637.8436640609,115.41506895335624,0.05963911769360363
2026-03-25,194391.95857291407,754.1149088531674,0.38944603729499744
2026-03-26,194599.73392737715,207.7753544630832,0.1068847476965716
2026-03-27,191452.46192121133,-3147.2720061658183,-1.6173054004998546
2026-03-30,189782.6368917968,-1669.8250294145255,-0.8721878071757106
2026-03-31,195292.2713916756,5509.634499878797,2.9031288584213715
2026-04-01,196708.16444916144,1415.8930574858387,0.7250123353044229
2026-04-02,196931.32534277972,223.1608936182747,0.11344770271391041
2026-04-06,199193.6347814054,2262.3094386256707,1.1487808933839665
2026-04-07,195069.12226070193,-4124.512520703458,-2.070604577917205
2026-04-08,199224.42938500503,4155.307124303101,2.1301716417986967
2026-04-09,200447.93262718298,1223.503242177947,0.6141331391711522
2026-04-10,200440.2633828946,-7.669244288379559,-0.003826053074163522
2026-04-13,199455.30657349015,-984.9568094044516,-0.4913966848681097
2026-04-14,199170.55647267256,-284.75010081758955,-0.142763863097657
2026-04-15,205018.80222305685,5848.245750384289,2.9363003517975836
2026-04-16,202687.18728236505,-2331.6149406917975,-1.1372688335946093
2026-04-17,207942.925098249,5255.737815883942,2.5930291333917097
2026-04-20,210112.89777665414,2169.9726784051454,1.0435424419368322
2026-04-21,204818.7431634606,-5294.154613193532,-2.5196714096157553
2026-04-22,210205.28158745312,5386.538423992519,2.6299050276339506
2026-04-23,210405.31712176013,200.0355343070114,0.09516199250387972
2026-04-24,208581.589650215,-1823.727471545135,-0.8667687188198557
2026-04-27,205926.807811396,-2654.781838819006,-1.2727786010601392
2026-04-28,208312.27213913106,2385.4643277350697,1.1584039752220439
2026-04-29,207896.74495549413,-415.52718363693566,-0.19947321363736384
2026-04-30,208804.77406912248,908.0291136283486,0.4367692788180674
2026-05-01,215568.69465213435,6763.9205830118735,3.2393515010211185
2026-05-04,213021.63511269103,-2547.0595394433185,-1.1815535384456157
2026-05-05,218677.4910477675,5655.855935076455,2.6550617415383364
2026-05-06,221239.936126366,2562.44507859851,1.171791877765222
2026-05-07,221186.06321403352,-53.87291233247379,-0.024350446522323665
2026-05-08,225710.7526671525,4524.6894531189755,2.045648531092396
2026-05-11,225425.76731344263,-284.9853537098679,-0.12626131025761345
2026-05-12,227058.6105881905,1632.8432747478655,0.7243374589371955
2026-05-13,230193.37890313155,3134.7683149410586,1.3805987391627685
2026-05-14,229685.04445348957,-508.3344496419886,-0.2208293097152471
2026-05-15,231240.88945659366,1555.8450031040993,0.6773819369937918
2026-05-18,229400.05909977967,-1840.8303568139963,-0.7960661114649187
2026-05-19,230270.40070006455,870.3416002848826,0.37939903054092916
2026-05-20,232796.71093440856,2526.3102343440114,1.0971059357449162
2026-05-21,234907.07052990957,2110.3595955010096,0.9065246613796069
2026-05-22,237857.000647385,2949.930117475422,1.2557860054279728
2026-05-26,237479.58443229768,-377.41621508731623,-0.15867357868807197
2026-05-27,239420.53842006673,1940.953987769055,0.8173140408717515
2026-05-28,240699.09083903857,1278.5524189718417,0.534019523725489
2026-05-29,240352.49275284013,-346.5980861984426,-0.1439964251590054
2026-06-01,235923.76295448278,-4428.729798357352,-1.842597822736756
2026-06-02,242770.9630613623,6847.200106879522,2.9022935295418146
2026-06-03,238966.10040804642,-3804.862653315882,-1.5672643076158053
2026-06-04,239713.2165433542,747.1161353077914,0.3126452388150678
2026-06-05,236717.0827578347,-2996.133785519516,-1.2498826008526065
2026-06-08,232249.86558630006,-4467.217171534634,-1.8871545388655653
2026-06-09,223785.20774382792,-8464.657842472137,-3.644634118992338
2026-06-10,224578.5275471798,793.3198033518856,0.3545005549517898
2026-06-11,227697.88679767642,3119.3592504966073,1.3889837486093979
2026-06-12,224007.72103328432,-3690.1657643920917,-1.6206411997450951
2026-06-15,223783.71331225103,-224.00772103329655,-0.10000000000000547
2026-06-16,225912.68282258182,2128.9695103307895,0.9513514092780223
2026-06-17,223428.87737410824,-2483.8054484735767,-1.0994537435617138
2026-06-18,224984.0863039303,1555.2089298220526,0.6960644246616422
2026-06-22,224229.1490944907,-754.9372094395803,-0.3355513813629192
2026-06-23,222183.19293074906,-2045.9561637416482,-0.9124398732296295
2026-06-24,221262.1367910794,-921.0561396696721,-0.4145480706800134
2026-06-25,207725.8190814103,-13536.317709669092,-6.117774105404389
2026-06-26,214026.83439446473,6301.015313054435,3.0333327560908496
2026-06-29,214026.83439446473,0.0,0.0
2026-06-30,214026.83439446473,0.0,0.0
2026-07-01,213812.80756007027,-214.02683439446264,-0.09999999999999902
2026-07-02,223938.6286709515,10125.821110881225,4.7358346894333705
2026-07-06,223714.69004228053,-223.93862867096323,-0.10000000000000522
2026-07-07,222283.63845791545,-1431.0515843650792,-0.6396770744445169
2026-07-08,224237.019499616,1953.3810417005443,0.8787785980344992
2026-07-09,226261.93126574578,2024.9117661297787,0.9030229578721485
2026-07-10,225617.9799075705,-643.9513581752835,-0.2846043762523
2026-07-13,227041.84126635132,1423.8613587808213,0.6310939222858649
2026-07-14,225288.82493029314,-1753.0163360581791,-0.7721115748007213
2026-07-15,234333.01412102906,9044.189190735924,4.014486379222004
2026-07-16,238454.41208729587,4121.3979662668135,1.7587781993612648
2026-07-17,238797.83824179668,343.42615450080484,0.14402172368908814
2026-07-20,233681.87253726952,-5115.96570452716,-2.142383591993386
2026-07-21,234504.72719827946,822.8546610099438,0.35212601306021635
2026-07-22,233181.02633753075,-1323.7008607487078,-0.564466600125074
2026-07-23,230154.3784623454,-3026.6478751853574,-1.2979820539962237
2026-07-24,238044.39447810123,7890.0160157558275,3.4281407412141327
2026-07-27,237806.3500836231,-238.04439447811455,-0.1000000000000056
2026-07-28,240043.85707905397,2237.5069954308565,0.9408945533389041
2026-07-29,238709.83429754357,-1334.0227815104008,-0.5557412706758271
2026-07-30,235349.99496602875,-3359.8393315148132,-1.4074993355015653
2026-07-31,218042.68949718968,-17307.30546883907,-7.35385844020828
2026-08-03,214167.60523694014,-3875.0842602495395,-1.77721356729985
2026-08-04,218156.04752089063,3988.442283950484,1.8622995198260488
2026-08-05,218156.04752089063,0.0,0.0
2026-08-06,217937.89147336976,-218.15604752086801,-0.09999999999998964
2026-08-07,218361.09334917637,423.2018758066115,0.19418462431913697
2026-08-10,218142.7322558272,-218.36109334917273,-0.09999999999999833
2026-08-11,215772.07287302168,-2370.6593828055193,-1.0867469011185416
2026-08-12,213889.69939517672,-1882.373477844958,-0.8723897642456742
2026-08-13,216019.7575720041,2130.058176827384,0.9958675816790725
2026-08-14,216493.87649095606,474.11891895195004,0.21947942367906595
2026-08-17,216253.27528497792,-240.6012059781351,-0.11113534012043344
2026-08-18,219395.27954471734,3142.0042597394204,1.4529279409058182
2026-08-19,224207.34685631024,4812.067311592895,2.193332200026708
2026-08-20,220293.99771963694,-3913.3491366732924,-1.745415211206828
2026-08-21,218914.0771327611,-1379.9205868758436,-0.626399539324733
2026-08-24,219614.65186769783,700.5747349367302,0.32002269754076373
2026-08-25,219303.28051972255,-311.3713479752769,-0.14178077160482713
2026-08-26,221815.48018652239,2512.199666799832,1.1455367474878713
2026-08-27,222615.1158434429,799.6356569205236,0.36049587533210853
2026-08-28,226238.34411115383,3623.228267710918,1.6275751329747987
2026-08-31,224221.51384231882,-2016.8302688350086,-0.8914626195478667
2026-09-01,230080.92310582995,5859.40926351113,2.6132234873909965
2026-09-02,229960.61170483328,-120.31140099666663,-0.0522909067699312
2026-09-03,232260.50094564163,2299.8892408083484,1.00012311837141
2026-09-04,226429.4040581324,-5831.096887509222,-2.5105848234065142
2026-09-08,223775.68570335355,-2653.718354778859,-1.171984869110708
2026-09-09,223152.943007403,-622.7426959505538,-0.2782888114020071
2026-09-10,231099.95268174628,7947.0096743432805,3.5612390171702293
